{"761670166182232064":{"redipanda.application.mod.\"763157857612464168\"":1,"redipanda.application.mod.\"480550087173603329\"":1,"redipanda.application.\"580496253394223142\"":1,"redipanda.application.\"580496253394223142\".userid":0,"redipanda.application.\"580496253394223142\".userTag":"Tue May 21 2019 21:44:51 GMT+0100 (British Summer Time)","redipanda.application.\"580496253394223142\".userJS":"2","redipanda.application.\"580496253394223142\".userCA":"SlimGK#0093","redipanda.application.\"580496253394223142\".A1":"Luke","redipanda.application.\"580496253394223142\".A2":"20","redipanda.application.\"580496253394223142\".A3":"Been told too","redipanda.application.\"580496253394223142\".userID":"580496253394223142","ServerTime":3,"ServerTimeMinutes":0,"ServerTimeHours":0,"ServerTimeDays":0}}